time,teaName,searchIndex,dealIndex,mean,category
7月上,龙井,0.07470670113342613,0.029419367667528333,3227.163043478261,绿茶
7月中,龙井,0.07714257307615828,0.03160668124875721,3227.163043478261,绿茶
7月下,龙井,0.07422404598781612,0.02806449863518863,3227.163043478261,绿茶
8月上,龙井,0.07632730165042753,0.029011731954662955,3227.163043478261,绿茶
8月中,龙井,0.08297872340425533,0.030870948498707498,3227.163043478261,绿茶
8月下,龙井,0.08848677669516802,0.03186970118765704,3227.163043478261,绿茶
9月上,龙井,0.09046530125273414,0.03957049115132233,3227.163043478261,绿茶
9月中,龙井,0.08361503280970371,0.03506661364088288,3227.163043478261,绿茶
9月下,龙井,0.08438059256313382,0.03635911712069994,3227.163043478261,绿茶
10月上,龙井,0.08429111155299264,0.0336746868164645,3227.163043478261,绿茶
10月中,龙井,0.09307019288128852,0.039679856830383775,3227.163043478261,绿茶
10月下,龙井,0.09557294961947975,0.03684086841772267,3227.163043478261,绿茶
11月上,龙井,0.111741896997415,0.04199642075959435,3227.163043478261,绿茶
11月中,龙井,0.1477729170809306,0.052137601908928216,3227.163043478261,绿茶
11月下,龙井,0.583933187512428,0.08095048717438855,3227.163043478261,绿茶
12月上,龙井,0.6025452376217936,0.08127858421157287,3227.163043478261,绿茶
12月中,龙井,0.6650825213760191,0.09752435871942731,3227.163043478261,绿茶
12月下,龙井,0.665847177280862,0.09735353133643052,3227.163043478261,绿茶
1月上,龙井,0.6863094054483992,0.10392722211175183,3227.163043478261,绿茶
1月中,龙井,0.5078246172201233,0.06187114734539669,3227.163043478261,绿茶
1月下,龙井,0.3791915978235326,0.03670529112962997,3227.163043478261,绿茶
2月上,龙井,0.6250447405050705,0.0826207993636906,3227.163043478261,绿茶
2月中,龙井,0.6510936567906144,0.08192483595148141,3227.163043478261,绿茶
2月下,龙井,0.7101809504871743,0.08951415125604825,3227.163043478261,绿茶
3月上,龙井,0.7271425730761584,0.09018691588785047,3227.163043478261,绿茶
3月中,龙井,0.8286836349174785,0.08860608470868961,3227.163043478261,绿茶
3月下,龙井,0.5804515627542074,0.0841754189338202,3227.163043478261,绿茶
4月上,龙井,0.586816464505866,0.08655796380990256,3227.163043478261,绿茶
4月中,龙井,0.4256412805726785,0.0829389540664148,3227.163043478261,绿茶
4月下,龙井,0.18885464307019287,0.06148339630145158,3227.163043478261,绿茶
5月上,龙井,0.18833764167826605,0.06507257904155896,3227.163043478261,绿茶
5月中,龙井,0.1577947902167429,0.055875919665937565,3227.163043478261,绿茶
5月下,龙井,0.16096639490952475,0.055198033225474064,3227.163043478261,绿茶
6月上,龙井,0.1477430900775502,0.052883276993438054,3227.163043478261,绿茶
6月中,龙井,0.16961622588983893,0.05974348777092861,3227.163043478261,绿茶
6月下,龙井,0.14068403261085702,0.04928415191887055,3227.163043478261,绿茶
7月上,黄山毛峰,0.07470670113342613,0.029419367667528333,3227.163043478261,绿茶
7月中,黄山毛峰,0.07714257307615828,0.03160668124875721,3227.163043478261,绿茶
7月下,黄山毛峰,0.07422404598781612,0.02806449863518863,3227.163043478261,绿茶
8月上,黄山毛峰,0.07632730165042753,0.029011731954662955,3227.163043478261,绿茶
8月中,黄山毛峰,0.08297872340425533,0.030870948498707498,3227.163043478261,绿茶
8月下,黄山毛峰,0.08848677669516802,0.03186970118765704,3227.163043478261,绿茶
9月上,黄山毛峰,0.09046530125273414,0.03957049115132233,3227.163043478261,绿茶
9月中,黄山毛峰,0.08361503280970371,0.03506661364088288,3227.163043478261,绿茶
9月下,黄山毛峰,0.08438059256313382,0.03635911712069994,3227.163043478261,绿茶
10月上,黄山毛峰,0.08429111155299264,0.0336746868164645,3227.163043478261,绿茶
10月中,黄山毛峰,0.09307019288128852,0.039679856830383775,3227.163043478261,绿茶
10月下,黄山毛峰,0.09557294961947975,0.03684086841772267,3227.163043478261,绿茶
11月上,黄山毛峰,0.111741896997415,0.04199642075959435,3227.163043478261,绿茶
11月中,黄山毛峰,0.1477729170809306,0.052137601908928216,3227.163043478261,绿茶
11月下,黄山毛峰,0.583933187512428,0.08095048717438855,3227.163043478261,绿茶
12月上,黄山毛峰,0.6025452376217936,0.08127858421157287,3227.163043478261,绿茶
12月中,黄山毛峰,0.6650825213760191,0.09752435871942731,3227.163043478261,绿茶
12月下,黄山毛峰,0.665847177280862,0.09735353133643052,3227.163043478261,绿茶
1月上,黄山毛峰,0.6863094054483992,0.10392722211175183,3227.163043478261,绿茶
1月中,黄山毛峰,0.5078246172201233,0.06187114734539669,3227.163043478261,绿茶
1月下,黄山毛峰,0.3791915978235326,0.03670529112962997,3227.163043478261,绿茶
2月上,黄山毛峰,0.6250447405050705,0.0826207993636906,3227.163043478261,绿茶
2月中,黄山毛峰,0.6510936567906144,0.08192483595148141,3227.163043478261,绿茶
2月下,黄山毛峰,0.7101809504871743,0.08951415125604825,3227.163043478261,绿茶
3月上,黄山毛峰,0.7271425730761584,0.09018691588785047,3227.163043478261,绿茶
3月中,黄山毛峰,0.8286836349174785,0.08860608470868961,3227.163043478261,绿茶
3月下,黄山毛峰,0.5804515627542074,0.0841754189338202,3227.163043478261,绿茶
4月上,黄山毛峰,0.586816464505866,0.08655796380990256,3227.163043478261,绿茶
4月中,黄山毛峰,0.4256412805726785,0.0829389540664148,3227.163043478261,绿茶
4月下,黄山毛峰,0.18885464307019287,0.06148339630145158,3227.163043478261,绿茶
5月上,黄山毛峰,0.18833764167826605,0.06507257904155896,3227.163043478261,绿茶
5月中,黄山毛峰,0.1577947902167429,0.055875919665937565,3227.163043478261,绿茶
5月下,黄山毛峰,0.16096639490952475,0.055198033225474064,3227.163043478261,绿茶
6月上,黄山毛峰,0.1477430900775502,0.052883276993438054,3227.163043478261,绿茶
6月中,黄山毛峰,0.16961622588983893,0.05974348777092861,3227.163043478261,绿茶
6月下,黄山毛峰,0.14068403261085702,0.04928415191887055,3227.163043478261,绿茶
7月上,太平猴魁,0.1650602409638554,0.039137193937038475,631.8641304347826,绿茶
7月中,太平猴魁,0.16754760979401478,0.03975903614457831,631.8641304347826,绿茶
7月下,太平猴魁,0.146026922941031,0.03791117549376391,631.8641304347826,绿茶
8月上,太平猴魁,0.18286047415468326,0.04621064904780412,631.8641304347826,绿茶
8月中,太平猴魁,0.17454333462883795,0.05036921881072678,631.8641304347826,绿茶
8月下,太平猴魁,0.16818005158463767,0.05253860014839416,631.8641304347826,绿茶
9月上,太平猴魁,0.21235911387485426,0.0713952584531675,631.8641304347826,绿茶
9月中,太平猴魁,0.27011270890011657,0.059968907889623016,631.8641304347826,绿茶
9月下,太平猴魁,0.2756704236300039,0.0704236300038865,631.8641304347826,绿茶
10月上,太平猴魁,0.36268946754760983,0.07279440342013214,631.8641304347826,绿茶
10月中,太平猴魁,0.26105713175281775,0.07652545666537117,631.8641304347826,绿茶
10月下,太平猴魁,0.20994240893191532,0.06349150266756175,631.8641304347826,绿茶
11月上,太平猴魁,0.22456276719782353,0.06813058686358336,631.8641304347826,绿茶
11月中,太平猴魁,0.19448115040808395,0.08235522736105713,631.8641304347826,绿茶
11月下,太平猴魁,0.1824329576369996,0.06692576758647492,631.8641304347826,绿茶
12月上,太平猴魁,0.1876020209871745,0.07248348231636223,631.8641304347826,绿茶
12月中,太平猴魁,0.19514185775359502,0.07205596579867858,631.8641304347826,绿茶
12月下,太平猴魁,0.2118150019432569,0.08741122849167933,631.8641304347826,绿茶
1月上,太平猴魁,0.2642052079284881,0.10466381655654879,631.8641304347826,绿茶
1月中,太平猴魁,0.30485814224640495,0.06509910610182666,631.8641304347826,绿茶
1月下,太平猴魁,0.2850227891036286,0.04420026145638272,631.8641304347826,绿茶
2月上,太平猴魁,0.34139137193937036,0.11158181111542947,631.8641304347826,绿茶
2月中,太平猴魁,0.29211037699183834,0.10563544500582978,631.8641304347826,绿茶
2月下,太平猴魁,0.2821177181845662,0.09254221185818542,631.8641304347826,绿茶
3月上,太平猴魁,0.2631558492032647,0.10132141469102215,631.8641304347826,绿茶
3月中,太平猴魁,0.24520015546055188,0.0921881072677808,631.8641304347826,绿茶
3月下,太平猴魁,0.2742818782461223,0.09705684909726883,631.8641304347826,绿茶
4月上,太平猴魁,0.23373493975903614,0.08861251457442675,631.8641304347826,绿茶
4月中,太平猴魁,0.26175670423630004,0.09790128254955305,631.8641304347826,绿茶
4月下,太平猴魁,0.29280994947532063,0.09887291099883405,631.8641304347826,绿茶
5月上,太平猴魁,0.3031480761756704,0.09339292654488923,631.8641304347826,绿茶
5月中,太平猴魁,0.279090555771473,0.08387096774193549,631.8641304347826,绿茶
5月下,太平猴魁,0.30788255661943964,0.08377203829982686,631.8641304347826,绿茶
6月上,太平猴魁,0.24356781966575983,0.07376603186941313,631.8641304347826,绿茶
6月中,太平猴魁,0.29965021375825884,0.09689078896230081,631.8641304347826,绿茶
6月下,太平猴魁,0.279090555771473,0.08083948698017877,631.8641304347826,绿茶
7月上,六安瓜片,0.08604598737601442,0.036541929666366095,496.17934782608694,绿茶
7月中,六安瓜片,0.08162759242560866,0.03293507664562669,496.17934782608694,绿茶
7月下,六安瓜片,0.07576440691859988,0.02850643495368473,496.17934782608694,绿茶
8月上,六安瓜片,0.08086113615870152,0.02236248872858431,496.17934782608694,绿茶
8月中,六安瓜片,0.0904643823264202,0.032687105500450855,496.17934782608694,绿茶
8月下,六安瓜片,0.10275432412492827,0.024407738339208132,496.17934782608694,绿茶
9月上,六安瓜片,0.13246167718665464,0.03938232642019837,496.17934782608694,绿茶
9月中,六安瓜片,0.14686654643823263,0.03435527502254283,496.17934782608694,绿茶
9月下,六安瓜片,0.09731740306582506,0.03311541929666366,496.17934782608694,绿茶
10月上,六安瓜片,0.13403967538322814,0.0319882777276826,496.17934782608694,绿茶
10月中,六安瓜片,0.21665915238954014,0.04368800721370605,496.17934782608694,绿茶
10月下,六安瓜片,0.08795802934666776,0.0361300106566112,496.17934782608694,绿茶
11月上,六安瓜片,0.09174932371505862,0.03875112714156898,496.17934782608694,绿茶
11月中,六安瓜片,0.08300270513976556,0.04019386834986475,496.17934782608694,绿茶
11月下,六安瓜片,0.08534715960324617,0.03545987376014428,496.17934782608694,绿茶
12月上,六安瓜片,0.09242560865644725,0.0337917042380523,496.17934782608694,绿茶
12月中,六安瓜片,0.09950405770964833,0.03694770063119928,496.17934782608694,绿茶
12月下,六安瓜片,0.10246741536191492,0.04313878186736618,496.17934782608694,绿茶
1月上,六安瓜片,0.09353020739404869,0.04632551848512173,496.17934782608694,绿茶
1月中,六安瓜片,0.07709648331830478,0.021844003606853023,496.17934782608694,绿茶
1月下,六安瓜片,0.06699319616361997,0.017419460611525533,496.17934782608694,绿茶
2月上,六安瓜片,0.0980838593327322,0.04504057709648332,496.17934782608694,绿茶
2月中,六安瓜片,0.11422452660054103,0.05511722272317403,496.17934782608694,绿茶
2月下,六安瓜片,0.11106101593026751,0.052349463981564974,496.17934782608694,绿茶
3月上,六安瓜片,0.10504959422903516,0.0454463480613165,496.17934782608694,绿茶
3月中,六安瓜片,0.10782236248872859,0.044702434625789,496.17934782608694,绿茶
3月下,六安瓜片,0.10736535781621444,0.04955324206902205,496.17934782608694,绿茶
4月上,六安瓜片,0.11967989179440937,0.044612263300270516,496.17934782608694,绿茶
4月中,六安瓜片,0.14125338142470695,0.051735798016230836,496.17934782608694,绿茶
4月下,六安瓜片,0.152141568981064,0.05038322813345356,496.17934782608694,绿茶
5月上,六安瓜片,0.16958972046889087,0.05114968440036069,496.17934782608694,绿茶
5月中,六安瓜片,0.1426059513074842,0.05421550946798918,496.17934782608694,绿茶
5月下,六安瓜片,0.1744815148782687,0.04906139847528486,496.17934782608694,绿茶
6月上,六安瓜片,0.12696122633002707,0.04551397655545537,496.17934782608694,绿茶
6月中,六安瓜片,0.12853922452660055,0.05049594229035167,496.17934782608694,绿茶
6月下,六安瓜片,0.11129395852119026,0.0373985572587917,496.17934782608694,绿茶
7月上,碧螺春,0.22264504054897066,0.07588895820336869,1002.4266304347826,绿茶
7月中,碧螺春,0.22526512788521524,0.07838427947598253,1002.4266304347826,绿茶
7月下,碧螺春,0.2050983950547269,0.09348947995236205,1002.4266304347826,绿茶
8月上,碧螺春,0.21974422956955708,0.08290704928259514,1002.4266304347826,绿茶
8月中,碧螺春,0.20757953836556456,0.08003742981908922,1002.4266304347826,绿茶
8月下,碧螺春,0.21751828957069133,0.07205240174672489,1002.4266304347826,绿茶
9月上,碧螺春,0.24064254522769807,0.08493449781659389,1002.4266304347826,绿茶
9月中,碧螺春,0.2206487835308796,0.07495321272613849,1002.4266304347826,绿茶
9月下,碧螺春,0.22180286961946352,0.07548346849656894,1002.4266304347826,绿茶
10月上,碧螺春,0.19619463505926388,0.06556456643792888,1002.4266304347826,绿茶
10月中,碧螺春,0.2848097317529632,0.08599500935745477,1002.4266304347826,绿茶
10月下,碧螺春,0.2528214143934668,0.08830034594226734,1002.4266304347826,绿茶
11月上,碧螺春,0.2491578290704928,0.08530879600748596,1002.4266304347826,绿茶
11月中,碧螺春,0.2800686213349969,0.11441048034934498,1002.4266304347826,绿茶
11月下,碧螺春,0.2717716781035558,0.09288833437305054,1002.4266304347826,绿茶
12月上,碧螺春,0.2550218340611354,0.08577666874610106,1002.4266304347826,绿茶
12月中,碧螺春,0.3010917030567685,0.10786026200873362,1002.4266304347826,绿茶
12月下,碧螺春,0.3004877218851018,0.11319684682130098,1002.4266304347826,绿茶
1月上,碧螺春,0.35349344978165936,0.11756082345601995,1002.4266304347826,绿茶
1月中,碧螺春,0.24054897067997505,0.0700561447286338,1002.4266304347826,绿茶
1月下,碧螺春,0.19344411047467813,0.040577326603527475,1002.4266304347826,绿茶
2月上,碧螺春,0.29934497816593886,0.10714285714285714,1002.4266304347826,绿茶
2月中,碧螺春,0.31163443543356206,0.12195882719900188,1002.4266304347826,绿茶
2月下,碧螺春,0.32075275525057184,0.12611769598669162,1002.4266304347826,绿茶
3月上,碧螺春,0.3179039301310044,0.1206487835308796,1002.4266304347826,绿茶
3月中,碧螺春,0.6924204616344355,0.13031815346225828,1002.4266304347826,绿茶
3月下,碧螺春,0.5171553337492202,0.13851868655362104,1002.4266304347826,绿茶
4月上,碧螺春,0.5999376169681847,0.1702744853399875,1002.4266304347826,绿茶
4月中,碧螺春,0.5087648159700561,0.15770430442919525,1002.4266304347826,绿茶
4月下,碧螺春,0.4502495321272614,0.14064254522769806,1002.4266304347826,绿茶
5月上,碧螺春,0.41450405489706804,0.14382407985028073,1002.4266304347826,绿茶
5月中,碧螺春,0.359825327510917,0.12588895820336868,1002.4266304347826,绿茶
5月下,碧螺春,0.35949639879770884,0.13185504451879998,1002.4266304347826,绿茶
6月上,碧螺春,0.3390205864004991,0.12333125389893948,1002.4266304347826,绿茶
6月中,碧螺春,0.335402370555209,0.12975670617592014,1002.4266304347826,绿茶
6月下,碧螺春,0.2785714285714286,0.09700561447286338,1002.4266304347826,绿茶
7月上,信阳毛尖,0.18937816126152932,0.04201130615888128,879.3722826086956,绿茶
7月中,信阳毛尖,0.22044034513537636,0.04677179410889616,879.3722826086956,绿茶
7月下,信阳毛尖,0.1835763165724487,0.05147277595953585,879.3722826086956,绿茶
8月上,信阳毛尖,0.1952692650996727,0.05504314192204701,879.3722826086956,绿茶
8月中,信阳毛尖,0.20702171972627192,0.0788455816721214,879.3722826086956,绿茶
8月下,信阳毛尖,0.21281544994725596,0.06388791214735874,879.3722826086956,绿茶
9月上,信阳毛尖,0.22808687890508778,0.06584349895864326,879.3722826086956,绿茶
9月中,信阳毛尖,0.23240107110978875,0.08191014578994348,879.3722826086956,绿茶
9月下,信阳毛尖,0.18116631954775364,0.053436477238916986,879.3722826086956,绿茶
10月上,信阳毛尖,0.18506396905682831,0.05319845284141625,879.3722826086956,绿茶
10月中,信阳毛尖,0.22597441237726867,0.060785480511752456,879.3722826086956,绿茶
10月下,信阳毛尖,0.20708122582564714,0.05534067241892294,879.3722826086956,绿茶
11月上,信阳毛尖,0.2276405831597739,0.049866111276405826,879.3722826086956,绿茶
11月中,信阳毛尖,0.21237726867003867,0.06036893781612616,879.3722826086956,绿茶
11月下,信阳毛尖,0.22055935733412674,0.0512645046117227,879.3722826086956,绿茶
12月上,信阳毛尖,0.2152335614400476,0.059416840226123174,879.3722826086956,绿茶
12月中,信阳毛尖,0.23659625111573937,0.07387682237429337,879.3722826086956,绿茶
12月下,信阳毛尖,0.23794325281977766,0.06967623272294501,879.3722826086956,绿茶
1月上,信阳毛尖,0.2305861350788456,0.06480214221957752,879.3722826086956,绿茶
1月中,信阳毛尖,0.18640285629277,0.0457304373698304,879.3722826086956,绿茶
1月下,信阳毛尖,0.1744069676232723,0.02196316031484136,879.3722826086956,绿茶
2月上,信阳毛尖,0.2817316274918179,0.07893484082118417,879.3722826086956,绿茶
2月中,信阳毛尖,0.343350193394823,0.07030645641178221,879.3722826086956,绿茶
2月下,信阳毛尖,0.29928262091308805,0.07706039869086581,879.3722826086956,绿茶
3月上,信阳毛尖,0.2750074382624219,0.06688485569770902,879.3722826086956,绿茶
3月中,信阳毛尖,0.2855400178518298,0.07985718536149955,879.3722826086956,绿茶
3月下,信阳毛尖,0.3153011820075194,0.0817126937329258,879.3722826086956,绿茶
4月上,信阳毛尖,0.4090746801547159,0.09354358821779232,879.3722826086956,绿茶
4月中,信阳毛尖,0.5140434394525439,0.1046712288009521,879.3722826086956,绿茶
4月下,信阳毛尖,0.36795596548646237,0.097441237726867,879.3722826086956,绿茶
5月上,信阳毛尖,0.3878310026777745,0.0999404939006248,879.3722826086956,绿茶
5月中,信阳毛尖,0.3446593275810771,0.0902707527521571,879.3722826086956,绿茶
5月下,信阳毛尖,0.34943604446728516,0.08127992210110628,879.3722826086956,绿茶
6月上,信阳毛尖,0.29265099672716455,0.07955965486462362,879.3722826086956,绿茶
6月中,信阳毛尖,0.29428741445998213,0.07765545968461768,879.3722826086956,绿茶
6月下,信阳毛尖,0.2653972032133294,0.06926509967271646,879.3722826086956,绿茶
7月上,祁门红茶,0.22322154471544717,0.0871951219512195,663.1576086956521,红茶
7月中,祁门红茶,0.2375,0.09623983739837398,663.1576086956521,红茶
7月下,祁门红茶,0.2529563932002956,0.07511086474501108,663.1576086956521,红茶
8月上,祁门红茶,0.26910569105691057,0.10401422764227641,663.1576086956521,红茶
8月中,祁门红茶,0.258130081300813,0.10345528455284553,663.1576086956521,红茶
8月下,祁门红茶,0.26182557280118257,0.12601626016260162,663.1576086956521,红茶
9月上,祁门红茶,0.29273373983739837,0.11422764227642276,663.1576086956521,红茶
9月中,祁门红茶,0.31920731707317074,0.13821138211382114,663.1576086956521,红茶
9月下,祁门红茶,0.3054369918699187,0.13236788617886178,663.1576086956521,红茶
10月上,祁门红茶,0.3021849593495935,0.15528455284552847,663.1576086956521,红茶
10月中,祁门红茶,0.41244918699186994,0.1832317073170732,663.1576086956521,红茶
10月下,祁门红茶,0.4027161862527716,0.20412971175166297,663.1576086956521,红茶
11月上,祁门红茶,0.4370426829268293,0.19578252032520327,663.1576086956521,红茶
11月中,祁门红茶,0.4376524390243902,0.2265752032520325,663.1576086956521,红茶
11月下,祁门红茶,0.45752032520325203,0.2175813008130081,663.1576086956521,红茶
12月上,祁门红茶,0.4453760162601626,0.18379065040650405,663.1576086956521,红茶
12月中,祁门红茶,0.5200711382113821,0.22383130081300814,663.1576086956521,红茶
12月下,祁门红茶,0.44179600886917963,0.19623059866962306,663.1576086956521,红茶
1月上,祁门红茶,0.34253048780487805,0.16697154471544717,663.1576086956521,红茶
1月中,祁门红茶,0.2578252032520325,0.11565040650406504,663.1576086956521,红茶
1月下,祁门红茶,0.22708795269770882,0.09405025868440503,663.1576086956521,红茶
2月上,祁门红茶,0.4453760162601626,0.1784552845528455,663.1576086956521,红茶
2月中,祁门红茶,0.3945121951219512,0.17515243902439023,663.1576086956521,红茶
2月下,祁门红茶,0.40989159891598914,0.1860885275519422,663.1576086956521,红茶
3月上,祁门红茶,0.6279979674796748,0.1554369918699187,663.1576086956521,红茶
3月中,祁门红茶,0.4057418699186992,0.15294715447154472,663.1576086956521,红茶
3月下,祁门红茶,0.37920362158167037,0.17775314116777532,663.1576086956521,红茶
4月上,祁门红茶,0.3752032520325203,0.16199186991869918,663.1576086956521,红茶
4月中,祁门红茶,0.2704268292682927,0.12464430894308944,663.1576086956521,红茶
4月下,祁门红茶,0.25584349593495936,0.12825203252032522,663.1576086956521,红茶
5月上,祁门红茶,0.24817073170731707,0.11046747967479675,663.1576086956521,红茶
5月中,祁门红茶,0.23495934959349593,0.11849593495934958,663.1576086956521,红茶
5月下,祁门红茶,0.2833980044345898,0.11566888396156688,663.1576086956521,红茶
6月上,祁门红茶,0.25685975609756095,0.12195121951219512,663.1576086956521,红茶
6月中,祁门红茶,0.26697154471544715,0.1241869918699187,663.1576086956521,红茶
6月下,祁门红茶,0.2157520325203252,0.10777439024390244,663.1576086956521,红茶
7月上,滇红,0.36136363636363633,0.19405594405594406,315.95652173913044,红茶
7月中,滇红,0.3223776223776224,0.15996503496503497,315.95652173913044,红茶
7月下,滇红,0.31595677050222504,0.15368722186904005,315.95652173913044,红茶
8月上,滇红,0.35069930069930066,0.18916083916083917,315.95652173913044,红茶
8月中,滇红,0.3447552447552447,0.16031468531468532,315.95652173913044,红茶
8月下,滇红,0.4222822631913541,0.23029243483788936,315.95652173913044,红茶
9月上,滇红,0.47709790209790204,0.27255244755244756,315.95652173913044,红茶
9月中,滇红,0.479020979020979,0.28321678321678323,315.95652173913044,红茶
9月下,滇红,0.5236013986013986,0.3223776223776224,315.95652173913044,红茶
10月上,滇红,0.44562937062937064,0.27867132867132866,315.95652173913044,红茶
10月中,滇红,0.5124125874125874,0.28426573426573426,315.95652173913044,红茶
10月下,滇红,0.5508582326764144,0.29545454545454547,315.95652173913044,红茶
11月上,滇红,0.6398601398601399,0.3825174825174825,315.95652173913044,红茶
11月中,滇红,0.665034965034965,0.3501748251748252,315.95652173913044,红茶
11月下,滇红,0.7057692307692307,0.3531468531468531,315.95652173913044,红茶
12月上,滇红,0.769055944055944,0.35699300699300696,315.95652173913044,红茶
12月中,滇红,0.7854895104895105,0.41923076923076924,315.95652173913044,红茶
12月下,滇红,0.8242212333121424,0.4278448823903369,315.95652173913044,红茶
1月上,滇红,0.7484265734265735,0.42045454545454547,315.95652173913044,红茶
1月中,滇红,0.4379370629370629,0.15122377622377622,315.95652173913044,红茶
1月下,滇红,0.38286713286713286,0.1554354736172918,315.95652173913044,红茶
2月上,滇红,0.6615384615384615,0.39720279720279716,315.95652173913044,红茶
2月中,滇红,0.6795454545454546,0.395979020979021,315.95652173913044,红茶
2月下,滇红,0.6878399378399379,0.3613053613053613,315.95652173913044,红茶
3月上,滇红,0.6547202797202797,0.34702797202797203,315.95652173913044,红茶
3月中,滇红,0.6480769230769231,0.413986013986014,315.95652173913044,红茶
3月下,滇红,0.6908773045136681,0.3223140495867769,315.95652173913044,红茶
4月上,滇红,0.6393356643356644,0.2781468531468531,315.95652173913044,红茶
4月中,滇红,0.5606643356643356,0.32255244755244755,315.95652173913044,红茶
4月下,滇红,0.5185314685314686,0.2646853146853147,315.95652173913044,红茶
5月上,滇红,0.516083916083916,0.25139860139860143,315.95652173913044,红茶
5月中,滇红,0.48286713286713284,0.21223776223776225,315.95652173913044,红茶
5月下,滇红,0.45772409408773046,0.2728862047043865,315.95652173913044,红茶
6月上,滇红,0.5237762237762238,0.22132867132867132,315.95652173913044,红茶
6月中,滇红,0.6223776223776224,0.26695804195804196,315.95652173913044,红茶
6月下,滇红,0.5101398601398601,0.2375874125874126,315.95652173913044,红茶
7月上,白毫银针,0.25578512396694214,0.18760330578512396,57.15217391304348,白茶
7月中,白毫银针,0.25206611570247933,0.07603305785123966,57.15217391304348,白茶
7月下,白毫银针,0.20623591284748308,0.045454545454545456,57.15217391304348,白茶
8月上,白毫银针,0.2409090909090909,0.11404958677685952,57.15217391304348,白茶
8月中,白毫银针,0.3111570247933884,0.09793388429752066,57.15217391304348,白茶
8月下,白毫银针,0.20773854244928625,0.16416228399699473,57.15217391304348,白茶
9月上,白毫银针,0.17231404958677687,0.09999999999999999,57.15217391304348,白茶
9月中,白毫银针,0.19132231404958677,0.06900826446280992,57.15217391304348,白茶
9月下,白毫银针,0.16033057851239668,0.11404958677685952,57.15217391304348,白茶
10月上,白毫银针,0.15991735537190083,0.09793388429752066,57.15217391304348,白茶
10月中,白毫银针,0.33842975206611575,0.14297520661157026,57.15217391304348,白茶
10月下,白毫银针,0.2625845229151014,0.12546957175056347,57.15217391304348,白茶
11月上,白毫银针,0.19421487603305784,0.06198347107438017,57.15217391304348,白茶
11月中,白毫银针,0.23884297520661155,0.05702479338842976,57.15217391304348,白茶
11月下,白毫银针,0.22768595041322315,0.2103305785123967,57.15217391304348,白茶
12月上,白毫银针,0.2053719008264463,0.08760330578512396,57.15217391304348,白茶
12月中,白毫银针,0.23925619834710743,0.12603305785123967,57.15217391304348,白茶
12月下,白毫银针,0.1697971450037566,0.13711495116453792,57.15217391304348,白茶
1月上,白毫银针,0.2231404958677686,0.15661157024793387,57.15217391304348,白茶
1月中,白毫银针,0.13016528925619836,0,57.15217391304348,白茶
1月下,白毫银针,0.15477084898572502,0.045454545454545456,57.15217391304348,白茶
2月上,白毫银针,0.25123966942148757,0.09999999999999999,57.15217391304348,白茶
2月中,白毫银针,0.27396694214876033,0.18884297520661159,57.15217391304348,白茶
2月下,白毫银针,0.28374655647382924,0.1322314049586777,57.15217391304348,白茶
3月上,白毫银针,0.23429752066115703,0.09504132231404959,57.15217391304348,白茶
3月中,白毫银针,0.256198347107438,0.03801652892561983,57.15217391304348,白茶
3月下,白毫银针,0.29000751314800904,0.12359128474830955,57.15217391304348,白茶
4月上,白毫银针,0.2921487603305785,0.19049586776859503,57.15217391304348,白茶
4月中,白毫银针,0.25413223140495866,0.12892561983471074,57.15217391304348,白茶
4月下,白毫银针,0.2677685950413223,0.16818181818181818,57.15217391304348,白茶
5月上,白毫银针,0.26694214876033057,0.16694214876033056,57.15217391304348,白茶
5月中,白毫银针,0.2863636363636364,0.12892561983471074,57.15217391304348,白茶
5月下,白毫银针,0.28850488354620585,0.18069120961682944,57.15217391304348,白茶
6月上,白毫银针,0.2690082644628099,0.17603305785123968,57.15217391304348,白茶
6月中,白毫银针,0.23388429752066117,0.15991735537190083,57.15217391304348,白茶
6月下,白毫银针,0.21570247933884298,0.1450413223140496,57.15217391304348,白茶
7月上,君山银针,0.311522633744856,0.08065843621399177,112.18478260869566,黄茶
7月中,君山银针,0.2979423868312757,0.056790123456790124,112.18478260869566,黄茶
7月下,君山银针,0.33034044145155256,0.03441825664047886,112.18478260869566,黄茶
8月上,君山银针,0.44938271604938274,0.09958847736625515,112.18478260869566,黄茶
8月中,君山银针,0.3823045267489712,0.09958847736625515,112.18478260869566,黄茶
8月下,君山银针,0.4175084175084175,0.07968574635241302,112.18478260869566,黄茶
9月上,君山银针,0.5288065843621399,0.13292181069958847,112.18478260869566,黄茶
9月中,君山银针,0.43209876543209874,0.16131687242798354,112.18478260869566,黄茶
9月下,君山银针,0.40041152263374485,0.06872427983539095,112.18478260869566,黄茶
10月上,君山银针,0.36460905349794237,0.14732510288065842,112.18478260869566,黄茶
10月中,君山银针,0.5316872427983539,0.08765432098765433,112.18478260869566,黄茶
10月下,君山银针,0.522633744855967,0.18181818181818182,112.18478260869566,黄茶
11月上,君山银针,0.40411522633744856,0.10658436213991769,112.18478260869566,黄茶
11月中,君山银针,0.45514403292181066,0.1991769547325103,112.18478260869566,黄茶
11月下,君山银针,0.48477366255144033,0.06872427983539095,112.18478260869566,黄茶
12月上,君山银针,0.33209876543209876,0.14897119341563786,112.18478260869566,黄茶
12月中,君山银针,0.41111111111111115,0.15637860082304528,112.18478260869566,黄茶
12月下,君山银针,0.45379723157500934,0.12495323606434718,112.18478260869566,黄茶
1月上,君山银针,0.5020576131687243,0.3037037037037037,112.18478260869566,黄茶
1月中,君山银针,0.4082304526748971,0.09465020576131687,112.18478260869566,黄茶
1月下,君山银针,0.37336326225215116,0.051627384960718295,112.18478260869566,黄茶
2月上,君山银针,0.5839506172839506,0.08148148148148149,112.18478260869566,黄茶
2月中,君山银针,0.46872427983539094,0.2617283950617284,112.18478260869566,黄茶
2月下,君山银针,0.41609510745313216,0.16049382716049382,112.18478260869566,黄茶
3月上,君山银针,0.48230452674897123,0.09958847736625515,112.18478260869566,黄茶
3月中,君山银针,0.588477366255144,0.19012345679012346,112.18478260869566,黄茶
3月下,君山银针,0.5454545454545454,0.1526374859708193,112.18478260869566,黄茶
4月上,君山银针,0.665843621399177,0.2279835390946502,112.18478260869566,黄茶
4月中,君山银针,0.608641975308642,0.1991769547325103,112.18478260869566,黄茶
4月下,君山银针,0.47283950617283954,0.14732510288065842,112.18478260869566,黄茶
5月上,君山银针,0.5674897119341564,0.24279835390946503,112.18478260869566,黄茶
5月中,君山银针,0.5065843621399176,0.09753086419753086,112.18478260869566,黄茶
5月下,君山银针,0.5289936401047511,0.06509539842873176,112.18478260869566,黄茶
6月上,君山银针,0.519753086419753,0.09958847736625515,112.18478260869566,黄茶
6月中,君山银针,0.460082304526749,0.09958847736625515,112.18478260869566,黄茶
6月下,君山银针,0.42633744855967076,0.1493827160493827,112.18478260869566,黄茶
7月上,普洱茶,0.438220300703362,0.05712718590694973,9819.16304347826,黑茶
7月中,普洱茶,0.4800283925921146,0.05983093501968123,9819.16304347826,黑茶
7月下,普洱茶,0.46715786633190004,0.062000269846949854,9819.16304347826,黑茶
8月上,普洱茶,0.5227786023101245,0.0670839517325934,9819.16304347826,黑茶
8月中,普洱茶,0.5674130476866491,0.08894624766083759,9819.16304347826,黑茶
8月下,普洱茶,0.6229768811558836,0.13821443446532175,9819.16304347826,黑茶
9月上,普洱茶,0.646686455442989,0.1269987739562496,9819.16304347826,黑茶
9月中,普洱茶,0.6815060979544427,0.07743434213073498,9819.16304347826,黑茶
9月下,普洱茶,0.6374911273149643,0.0723301284119507,9819.16304347826,黑茶
10月上,普洱茶,0.6334839001096987,0.07913789765761116,9819.16304347826,黑茶
10月中,普洱茶,0.7439375362973478,0.09534103374846745,9819.16304347826,黑茶
10月下,普洱茶,0.6374371579249942,0.08351176474038964,9819.16304347826,黑茶
11月上,普洱茶,0.7177002000387173,0.09183712976705169,9819.16304347826,黑茶
11月中,普洱茶,0.6574691875846937,0.0959992256565787,9819.16304347826,黑茶
11月下,普洱茶,0.6950635606891656,0.09368910111634511,9819.16304347826,黑茶
12月上,普洱茶,0.6508356456088276,0.08311286055365555,9819.16304347826,黑茶
12月中,普洱茶,0.6698264180163902,0.09446989739949668,9819.16304347826,黑茶
12月下,普洱茶,0.6772747804560413,0.08900842978406377,9819.16304347826,黑茶
1月上,普洱茶,0.6233335484287281,0.0871910692392076,9819.16304347826,黑茶
1月中,普洱茶,0.3963025101632574,0.049028844292443696,9819.16304347826,黑茶
1月下,普洱茶,0.33046278751899194,0.042096124176526833,9819.16304347826,黑茶
2月上,普洱茶,0.7511453829773505,0.10604633154804156,9819.16304347826,黑茶
2月中,普洱茶,0.770271665483642,0.10943408401626122,9819.16304347826,黑茶
2月下,普洱茶,0.8298595427071906,0.11823076867924258,9819.16304347826,黑茶
3月上,普洱茶,0.8336839388268698,0.10955023552945732,9819.16304347826,黑茶
3月中,普洱茶,0.744563463896238,0.10718203523262566,9819.16304347826,黑茶
3月下,普洱茶,0.7617310095209043,0.1019845483290021,9819.16304347826,黑茶
4月上,普洱茶,0.7367103310318126,0.09644447312383041,9819.16304347826,黑茶
4月中,普洱茶,0.7026392204942892,0.09474091759695426,9819.16304347826,黑茶
4月下,普洱茶,0.6739820610440731,0.09147576950377492,9819.16304347826,黑茶
5月上,普洱茶,0.6683035426211525,0.09169516680647867,9819.16304347826,黑茶
5月中,普洱茶,0.5396980060656902,0.07737626637413693,9819.16304347826,黑茶
5月下,普洱茶,0.5295042442232221,0.07260056198560425,9819.16304347826,黑茶
6月上,普洱茶,0.5018003484545396,0.07057494999032071,9819.16304347826,黑茶
6月中,普洱茶,0.6352713428405498,0.07454346002452088,9819.16304347826,黑茶
6月下,普洱茶,0.6505323611021487,0.07027811834548622,9819.16304347826,黑茶
7月上,茉莉花茶,0.3002551020408163,0.09362244897959184,1429.0434782608695,花茶
7月中,茉莉花茶,0.33192419825072883,0.10637755102040815,1429.0434782608695,花茶
7月下,茉莉花茶,0.32215743440233235,0.10336602173336867,1429.0434782608695,花茶
8月上,茉莉花茶,0.3842930029154519,0.11556122448979593,1429.0434782608695,花茶
8月中,茉莉花茶,0.34497084548104956,0.1164723032069971,1429.0434782608695,花茶
8月下,茉莉花茶,0.37317784256559766,0.12354227405247814,1429.0434782608695,花茶
9月上,茉莉花茶,0.3424562682215744,0.12638483965014577,1429.0434782608695,花茶
9月中,茉莉花茶,0.35670553935860055,0.12995626822157436,1429.0434782608695,花茶
9月下,茉莉花茶,0.357798833819242,0.12157434402332362,1429.0434782608695,花茶
10月上,茉莉花茶,0.3646865889212828,0.11709183673469388,1429.0434782608695,花茶
10月中,茉莉花茶,0.44821428571428573,0.13188775510204082,1429.0434782608695,花茶
10月下,茉莉花茶,0.4143917307182613,0.13649615690432018,1429.0434782608695,花茶
11月上,茉莉花茶,0.4567784256559767,0.14387755102040817,1429.0434782608695,花茶
11月中,茉莉花茶,0.5028790087463557,0.16818513119533526,1429.0434782608695,花茶
11月下,茉莉花茶,0.5620626822157434,0.16833090379008744,1429.0434782608695,花茶
12月上,茉莉花茶,0.6271137026239066,0.17343294460641398,1429.0434782608695,花茶
12月中,茉莉花茶,0.6944606413994169,0.19948979591836735,1429.0434782608695,花茶
12月下,茉莉花茶,0.617446329181023,0.2008680095414789,1429.0434782608695,花茶
1月上,茉莉花茶,0.6372448979591836,0.22842565597667636,1429.0434782608695,花茶
1月中,茉莉花茶,0.3236516034985423,0.0956997084548105,1429.0434782608695,花茶
1月下,茉莉花茶,0.2373774184998675,0.0686456400742115,1429.0434782608695,花茶
2月上,茉莉花茶,0.5996720116618076,0.17055393586005832,1429.0434782608695,花茶
2月中,茉莉花茶,0.7161807580174927,0.20699708454810495,1429.0434782608695,花茶
2月下,茉莉花茶,0.8311467444120505,0.24125364431486881,1429.0434782608695,花茶
3月上,茉莉花茶,0.8170189504373179,0.2308673469387755,1429.0434782608695,花茶
3月中,茉莉花茶,0.7872448979591836,0.23225218658892127,1429.0434782608695,花茶
3月下,茉莉花茶,0.8411078717201166,0.2388020143122184,1429.0434782608695,花茶
4月上,茉莉花茶,0.8460641399416909,0.2215014577259475,1429.0434782608695,花茶
4月中,茉莉花茶,0.6884475218658892,0.21534256559766762,1429.0434782608695,花茶
4月下,茉莉花茶,0.5751822157434402,0.1651603498542274,1429.0434782608695,花茶
5月上,茉莉花茶,0.5647959183673469,0.20251457725947525,1429.0434782608695,花茶
5月中,茉莉花茶,0.5302113702623907,0.1868804664723032,1429.0434782608695,花茶
5月下,茉莉花茶,0.536178107606679,0.1886761197985688,1429.0434782608695,花茶
6月上,茉莉花茶,0.4951530612244898,0.1942784256559767,1429.0434782608695,花茶
6月中,茉莉花茶,0.5159985422740525,0.1967930029154519,1429.0434782608695,花茶
6月下,茉莉花茶,0.46807580174927116,0.17401603498542273,1429.0434782608695,花茶
7月上,金银花茶,0.22793136320305052,0.17874165872259296,186.4429347826087,花茶
7月中,金银花茶,0.24833174451858914,0.1584366062917064,186.4429347826087,花茶
7月下,金银花茶,0.28789323164918973,0.18155819395094897,186.4429347826087,花茶
8月上,金银花茶,0.21429933269780746,0.18779790276453764,186.4429347826087,花茶
8月中,金银花茶,0.22221163012392756,0.1598665395614871,186.4429347826087,花茶
8月下,金银花茶,0.19577086402634544,0.1608458271947309,186.4429347826087,花茶
9月上,金银花茶,0.1765490943755958,0.17073403241182078,186.4429347826087,花茶
9月中,金银花茶,0.16205910390848427,0.15776930409914203,186.4429347826087,花茶
9月下,金银花茶,0.11315538608198285,0.09866539561487131,186.4429347826087,花茶
10月上,金银花茶,0.12945662535748334,0.10324118207816968,186.4429347826087,花茶
10月中,金银花茶,0.1232602478551001,0.08913250714966635,186.4429347826087,花茶
10月下,金银花茶,0.08622930929889938,0.07400987953895485,186.4429347826087,花茶
11月上,金银花茶,0.07645376549094376,0.06043851286939943,186.4429347826087,花茶
11月中,金银花茶,0.08341277407054337,0.1124880838894185,186.4429347826087,花茶
11月下,金银花茶,0.09170638703527169,0.10714966634890373,186.4429347826087,花茶
12月上,金银花茶,0.06720686367969494,0.08293612964728313,186.4429347826087,花茶
12月中,金银花茶,0.0790276453765491,0.07292659675881792,186.4429347826087,花茶
12月下,金银花茶,0.06127047404454458,0.07860299852673541,186.4429347826087,花茶
1月上,金银花茶,0.06510962821734985,0.06930409914204004,186.4429347826087,花茶
1月中,金银花茶,0.044804575786463297,0.01754051477597712,186.4429347826087,花茶
1月下,金银花茶,0.03804489123840887,0.016985873992547012,186.4429347826087,花茶
2月上,金银花茶,0.11601525262154433,0.10152526215443279,186.4429347826087,花茶
2月中,金银花茶,0.14423260247855102,0.111534795042898,186.4429347826087,花茶
2月下,金银花茶,0.12964728312678742,0.12424531299650461,186.4429347826087,花茶
3月上,金银花茶,0.1376549094375596,0.12735938989513823,186.4429347826087,花茶
3月中,金银花茶,0.1440419447092469,0.14566253574833177,186.4429347826087,花茶
3月下,金银花茶,0.15997920097062138,0.10364849640350117,186.4429347826087,花茶
4月上,金银花茶,0.18341277407054338,0.12964728312678742,186.4429347826087,花茶
4月中,金银花茶,0.2658722592945662,0.21401334604385128,186.4429347826087,花茶
4月下,金银花茶,0.15052430886558626,0.1517635843660629,186.4429347826087,花茶
5月上,金银花茶,0.24184938036224976,0.20743565300285985,186.4429347826087,花茶
5月中,金银花茶,0.2146806482364156,0.167302192564347,186.4429347826087,花茶
5月下,金银花茶,0.2728139353496837,0.19507756304705778,186.4429347826087,花茶
6月上,金银花茶,0.5148713060057197,0.31334604385128695,186.4429347826087,花茶
6月中,金银花茶,0.47073403241182077,0.3061010486177312,186.4429347826087,花茶
6月下,金银花茶,0.4101048617731172,0.28217349857006674,186.4429347826087,花茶
7月上,菊花茶,0.43640449438202245,0.24342696629213484,862.3559782608696,花茶
7月中,菊花茶,0.4003932584269663,0.23685393258426968,862.3559782608696,花茶
7月下,菊花茶,0.4025025536261492,0.24576098059244125,862.3559782608696,花茶
8月上,菊花茶,0.3847752808988764,0.22073033707865167,862.3559782608696,花茶
8月中,菊花茶,0.3628651685393258,0.2451123595505618,862.3559782608696,花茶
8月下,菊花茶,0.3678753830439224,0.23488253319713992,862.3559782608696,花茶
9月上,菊花茶,0.3093258426966292,0.21522471910112362,862.3559782608696,花茶
9月中,菊花茶,0.3693820224719101,0.26365168539325845,862.3559782608696,花茶
9月下,菊花茶,0.30168539325842697,0.19168539325842696,862.3559782608696,花茶
10月上,菊花茶,0.294438202247191,0.20353932584269663,862.3559782608696,花茶
10月中,菊花茶,0.4049438202247191,0.26724719101123595,862.3559782608696,花茶
10月下,菊花茶,0.34678243105209394,0.2181818181818182,862.3559782608696,花茶
11月上,菊花茶,0.3728651685393259,0.2537640449438202,862.3559782608696,花茶
11月中,菊花茶,0.4589887640449438,0.30252808988764046,862.3559782608696,花茶
11月下,菊花茶,0.48089887640449436,0.2985393258426966,862.3559782608696,花茶
12月上,菊花茶,0.4101123595505618,0.23134831460674157,862.3559782608696,花茶
12月中,菊花茶,0.3931460674157303,0.2555056179775281,862.3559782608696,花茶
12月下,菊花茶,0.3383043922369765,0.24274770173646576,862.3559782608696,花茶
1月上,菊花茶,0.37612359550561797,0.23230337078651686,862.3559782608696,花茶
1月中,菊花茶,0.17724719101123595,0.08792134831460674,862.3559782608696,花茶
1月下,菊花茶,0.1625638406537283,0.09080694586312563,862.3559782608696,花茶
2月上,菊花茶,0.6106179775280899,0.3235393258426966,862.3559782608696,花茶
2月中,菊花茶,0.6329775280898877,0.3544943820224719,862.3559782608696,花茶
2月下,菊花茶,0.6049937578027466,0.3659176029962547,862.3559782608696,花茶
3月上,菊花茶,0.7467415730337079,0.40932584269662925,862.3559782608696,花茶
3月中,菊花茶,0.6563483146067416,0.3641011235955056,862.3559782608696,花茶
3月下,菊花茶,0.7127170582226763,0.3769152196118488,862.3559782608696,花茶
4月上,菊花茶,0.6296629213483146,0.34353932584269664,862.3559782608696,花茶
4月中,菊花茶,0.6394382022471911,0.35258426966292133,862.3559782608696,花茶
4月下,菊花茶,0.5654494382022472,0.3296629213483146,862.3559782608696,花茶
5月上,菊花茶,0.6314044943820225,0.3907303370786517,862.3559782608696,花茶
5月中,菊花茶,0.5898876404494382,0.3420224719101123,862.3559782608696,花茶
5月下,菊花茶,0.7015832482124617,0.37645556690500515,862.3559782608696,花茶
6月上,菊花茶,0.6913483146067415,0.3958426966292135,862.3559782608696,花茶
6月中,菊花茶,0.8125842696629214,0.4347752808988764,862.3559782608696,花茶
6月下,菊花茶,0.6637078651685394,0.3628651685393258,862.3559782608696,花茶
7月上,桂花茶,0.2436077057793345,0.2033274956217163,229.55978260869566,花茶
7月中,桂花茶,0.22819614711033276,0.1746059544658494,229.55978260869566,花茶
7月下,桂花茶,0.24597993950007963,0.18404712625378125,229.55978260869566,花茶
8月上,桂花茶,0.3140105078809107,0.2140105078809107,229.55978260869566,花茶
8月中,桂花茶,0.2695271453590193,0.20910683012259196,229.55978260869566,花茶
8月下,桂花茶,0.30377328450883617,0.2276707530647986,229.55978260869566,花茶
9月上,桂花茶,0.3457092819614711,0.26549912434325745,229.55978260869566,花茶
9月中,桂花茶,0.4784588441330998,0.3562171628721541,229.55978260869566,花茶
9月下,桂花茶,0.4591943957968476,0.3224168126094571,229.55978260869566,花茶
10月上,桂花茶,0.44588441330998246,0.29649737302977236,229.55978260869566,花茶
10月中,桂花茶,0.37390542907180385,0.305954465849387,229.55978260869566,花茶
10月下,桂花茶,0.41999681579366344,0.2617417608661041,229.55978260869566,花茶
11月上,桂花茶,0.4180385288966725,0.28791593695271456,229.55978260869566,花茶
11月中,桂花茶,0.4739054290718039,0.433800350262697,229.55978260869566,花茶
11月下,桂花茶,0.418739054290718,0.3404553415061296,229.55978260869566,花茶
12月上,桂花茶,0.34886164623467597,0.24676007005253942,229.55978260869566,花茶
12月中,桂花茶,0.4299474605954466,0.3031523642732049,229.55978260869566,花茶
12月下,桂花茶,0.3456455978347397,0.27479700684604363,229.55978260869566,花茶
1月上,桂花茶,0.323292469352014,0.23415061295971976,229.55978260869566,花茶
1月中,桂花茶,0.23975481611208407,0.13870402802101578,229.55978260869566,花茶
1月下,桂花茶,0.22321286419359973,0.11160643209679987,229.55978260869566,花茶
2月上,桂花茶,0.4457092819614711,0.3276707530647986,229.55978260869566,花茶
2月中,桂花茶,0.5161120840630473,0.4169877408056042,229.55978260869566,花茶
2月下,桂花茶,0.6281377699941624,0.4732438217552053,229.55978260869566,花茶
3月上,桂花茶,0.5945709281961471,0.4234676007005254,229.55978260869566,花茶
3月中,桂花茶,0.654816112084063,0.4621716287215411,229.55978260869566,花茶
3月下,桂花茶,0.5917847476516479,0.46123228785225284,229.55978260869566,花茶
4月上,桂花茶,0.5152364273204904,0.42066549912434326,229.55978260869566,花茶
4月中,桂花茶,0.5322241681260945,0.4523642732049037,229.55978260869566,花茶
4月下,桂花茶,0.4192644483362522,0.32697022767075307,229.55978260869566,花茶
5月上,桂花茶,0.38879159369527144,0.3605954465849387,229.55978260869566,花茶
5月中,桂花茶,0.4115586690017513,0.3345008756567426,229.55978260869566,花茶
5月下,桂花茶,0.4414902085655151,0.35583505811176563,229.55978260869566,花茶
6月上,桂花茶,0.28984238178633975,0.2605954465849387,229.55978260869566,花茶
6月中,桂花茶,0.36374781085814356,0.3385288966725044,229.55978260869566,花茶
6月下,桂花茶,0.38966725043782835,0.347460595446585,229.55978260869566,花茶
7月上,玫瑰花茶,0.24621504339440692,0.1180327868852459,1610.8260869565217,花茶
7月中,玫瑰花茶,0.28254580520732886,0.1302314368370299,1610.8260869565217,花茶
7月下,玫瑰花茶,0.27741737529587096,0.1261067765407206,1610.8260869565217,花茶
8月上,玫瑰花茶,0.3456123432979749,0.14592574734811956,1610.8260869565217,花茶
8月中,玫瑰花茶,0.3404773384763741,0.1381870781099325,1610.8260869565217,花茶
8月下,玫瑰花茶,0.34163233102480933,0.15554045761374594,1610.8260869565217,花茶
9月上,玫瑰花茶,0.2837029893924783,0.1398987463837994,1610.8260869565217,花茶
9月中,玫瑰花茶,0.31509161041465766,0.156099324975892,1610.8260869565217,花茶
9月下,玫瑰花茶,0.348625843780135,0.13975409836065575,1610.8260869565217,花茶
10月上,玫瑰花茶,0.32748312439729993,0.153351012536162,1610.8260869565217,花茶
10月中,玫瑰花茶,0.3935149469623915,0.16595949855351977,1610.8260869565217,花茶
10月下,玫瑰花茶,0.36462260015779785,0.1625536950995003,1610.8260869565217,花茶
11月上,玫瑰花茶,0.37220347155255545,0.1517598842815815,1610.8260869565217,花茶
11月中,玫瑰花茶,0.36783992285438766,0.16612825458052075,1610.8260869565217,花茶
11月下,玫瑰花茶,0.3394406943105111,0.1686354869816779,1610.8260869565217,花茶
12月上,玫瑰花茶,0.2845708775313404,0.13536644165863065,1610.8260869565217,花茶
12月中,玫瑰花茶,0.30226615236258436,0.15540019286403087,1610.8260869565217,花茶
12月下,玫瑰花茶,0.3075085473831857,0.14057157885508897,1610.8260869565217,花茶
1月上,玫瑰花茶,0.26849083895853426,0.12651880424300868,1610.8260869565217,花茶
1月中,玫瑰花茶,0.13165380906460947,0.05318225650916104,1610.8260869565217,花茶
1月下,玫瑰花茶,0.13279126851933024,0.05902077671605155,1610.8260869565217,花茶
2月上,玫瑰花茶,0.40612343297974923,0.1788331726133076,1610.8260869565217,花茶
2月中,玫瑰花茶,0.4591128254580521,0.21434426229508197,1610.8260869565217,花茶
2月下,玫瑰花茶,0.5017947069538198,0.2270170363227258,1610.8260869565217,花茶
3月上,玫瑰花茶,0.5233124397299903,0.21822565091610416,1610.8260869565217,花茶
3月中,玫瑰花茶,0.656967213114754,0.25344744455159113,1610.8260869565217,花茶
3月下,玫瑰花茶,0.5764442885947225,0.21337775050407645,1610.8260869565217,花茶
4月上,玫瑰花茶,0.4701542912246866,0.17364995178399228,1610.8260869565217,花茶
4月中,玫瑰花茶,0.45795564127290256,0.1754821600771456,1610.8260869565217,花茶
4月下,玫瑰花茶,0.3807135969141755,0.16393442622950818,1610.8260869565217,花茶
5月上,玫瑰花茶,0.4677193828351012,0.18951301832208295,1610.8260869565217,花茶
5月中,玫瑰花茶,0.43539054966248797,0.1865477338476374,1610.8260869565217,花茶
5月下,玫瑰花茶,0.5187384939072499,0.19950469010256858,1610.8260869565217,花茶
6月上,玫瑰花茶,0.43449855351976857,0.1706605593056895,1610.8260869565217,花茶
6月中,玫瑰花茶,0.5689729990356798,0.1988669238187078,1610.8260869565217,花茶
6月下,玫瑰花茶,0.674566055930569,0.18187078109932497,1610.8260869565217,花茶
7月上,铁观音,0.17576073847295667,0.024422488171444476,19392.866847826088,乌龙茶
7月中,铁观音,0.20195982929770853,0.025020873921514055,19392.866847826088,乌龙茶
7月下,铁观音,0.20425659320733075,0.024289654125445943,19392.866847826088,乌龙茶
8月上,铁观音,0.21514982836997865,0.026491325725948606,19392.866847826088,乌龙茶
8月中,铁观音,0.2146349383059653,0.026591056684293533,19392.866847826088,乌龙茶
8月下,铁观音,0.2464071553272778,0.0300310367802714,19392.866847826088,乌龙茶
9月上,铁观音,0.2558006308562947,0.031071991835977364,19392.866847826088,乌龙茶
9月中,铁观音,0.22274329715186936,0.028451155023657113,19392.866847826088,乌龙茶
9月下,铁观音,0.2439558400593747,0.031051117914463307,19392.866847826088,乌龙茶
10月上,铁观音,0.23269319974023564,0.03437702940903609,19392.866847826088,乌龙茶
10月中,铁观音,0.2681649503664533,0.03654327859727247,19392.866847826088,乌龙茶
10月下,铁观音,0.25316060690399683,0.03573868380436708,19392.866847826088,乌龙茶
11月上,铁观音,0.28973234993969754,0.03850078857036831,19392.866847826088,乌龙茶
11月中,铁观音,0.30630856294646996,0.043605622042861114,19392.866847826088,乌龙茶
11月下,铁观音,0.667543371370257,0.05903608869097319,19392.866847826088,乌龙茶
12月上,铁观音,0.7030777437610168,0.06156415251878653,19392.866847826088,乌龙茶
12月中,铁观音,0.7638138973930791,0.07129603859356155,19392.866847826088,乌龙茶
12月下,铁观音,0.8059800622422386,0.07407079422108645,19392.866847826088,乌龙茶
1月上,铁观音,0.8542188514704518,0.07841172650524168,19392.866847826088,乌龙茶
1月中,铁观音,0.6544832544762965,0.04194034697096206,19392.866847826088,乌龙茶
1月下,铁观音,0.5026904165507005,0.03157444188615911,19392.866847826088,乌龙茶
2月上,铁观音,0.7853209945263939,0.06500603024399296,19392.866847826088,乌龙茶
2月中,铁观音,0.8036251043696075,0.06641849893311068,19392.866847826088,乌龙茶
2月下,铁观音,0.8277076826339281,0.06941480862994917,19392.866847826088,乌龙茶
3月上,铁观音,0.851099359866407,0.06562760924018926,19392.866847826088,乌龙茶
3月中,铁观音,0.7961197699229984,0.06926662955747287,19392.866847826088,乌龙茶
3月下,铁观音,0.7699883612073982,0.06830410984321365,19392.866847826088,乌龙茶
4月上,铁观音,0.4721750626217645,0.04966369793116245,19392.866847826088,乌龙茶
4月中,铁观音,0.2838296688004453,0.04070414695240746,19392.866847826088,乌龙茶
4月下,铁观音,0.2693756378142685,0.039637257630577974,19392.866847826088,乌龙茶
5月上,铁观音,0.2827071156879117,0.0386213934502273,19392.866847826088,乌龙茶
5月中,铁观音,0.2970892476110956,0.0356804898413582,19392.866847826088,乌龙茶
5月下,铁观音,0.3088243976081438,0.03850078857036831,19392.866847826088,乌龙茶
6月上,铁观音,0.32270386863345396,0.038229427590685594,19392.866847826088,乌龙茶
6月中,铁观音,0.4066634196122089,0.042803135726876336,19392.866847826088,乌龙茶
6月下,铁观音,0.4488310603952129,0.03507746544206327,19392.866847826088,乌龙茶
7月上,大红袍,0.2835545722713864,0.04905973451327434,2667.546195652174,乌龙茶
7月中,大红袍,0.3314896755162242,0.04865412979351032,2667.546195652174,乌龙茶
7月下,大红袍,0.34999329578975596,0.055929873960847414,2667.546195652174,乌龙茶
8月上,大红袍,0.38431047197640117,0.05706120943952803,2667.546195652174,乌龙茶
8月中,大红袍,0.3986356932153392,0.06537610619469027,2667.546195652174,乌龙茶
8月下,大红袍,0.46574148565299006,0.07428264950388845,2667.546195652174,乌龙茶
9月上,大红袍,0.4894174041297935,0.07865044247787611,2667.546195652174,乌龙茶
9月中,大红袍,0.46930309734513276,0.07352507374631269,2667.546195652174,乌龙茶
9月下,大红袍,0.47831858407079647,0.07990412979351032,2667.546195652174,乌龙茶
10月上,大红袍,0.44649705014749264,0.07612463126843658,2667.546195652174,乌龙茶
10月中,大红袍,0.5018805309734513,0.08714970501474927,2667.546195652174,乌龙茶
10月下,大红袍,0.41519174041297935,0.08722177527487261,2667.546195652174,乌龙茶
11月上,大红袍,0.43456858407079646,0.09793510324483777,2667.546195652174,乌龙茶
11月中,大红袍,0.43248525073746313,0.10958702064896755,2667.546195652174,乌龙茶
11月下,大红袍,0.44811946902654864,0.10162241887905606,2667.546195652174,乌龙茶
12月上,大红袍,0.4445796460176991,0.096976401179941,2667.546195652174,乌龙茶
12月中,大红袍,0.4526917404129794,0.12099926253687315,2667.546195652174,乌龙茶
12月下,大红袍,0.5199953070528291,0.12248592115848753,2667.546195652174,乌龙茶
1月上,大红袍,0.7851401179941003,0.13888274336283185,2667.546195652174,乌龙茶
1月中,大红袍,0.7046828908554572,0.07570058997050148,2667.546195652174,乌龙茶
1月下,大红袍,0.5874899436846339,0.05239340305711987,2667.546195652174,乌龙茶
2月上,大红袍,0.6207411504424779,0.1116150442477876,2667.546195652174,乌龙茶
2月中,大红袍,0.6801438053097345,0.12453908554572271,2667.546195652174,乌龙茶
2月下,大红袍,0.7001597836774828,0.14642740085217962,2667.546195652174,乌龙茶
3月上,大红袍,0.6389196165191741,0.14115044247787611,2667.546195652174,乌龙茶
3月中,大红袍,0.6132558997050148,0.13993362831858408,2667.546195652174,乌龙茶
3月下,大红袍,0.5904733172432287,0.12463126843657817,2667.546195652174,乌龙茶
4月上,大红袍,0.5438421828908555,0.12169985250737464,2667.546195652174,乌龙茶
4月中,大红袍,0.4313053097345133,0.1071349557522124,2667.546195652174,乌龙茶
4月下,大红袍,0.41668510324483776,0.08698377581120945,2667.546195652174,乌龙茶
5月上,大红袍,0.3881637168141593,0.09533554572271387,2667.546195652174,乌龙茶
5月中,大红袍,0.37981194690265485,0.08390486725663718,2667.546195652174,乌龙茶
5月下,大红袍,0.40200120675784395,0.08730557790292304,2667.546195652174,乌龙茶
6月上,大红袍,0.44295722713864305,0.08644911504424778,2667.546195652174,乌龙茶
6月中,大红袍,0.47254793510324483,0.09787979351032448,2667.546195652174,乌龙茶
6月下,大红袍,0.5353613569321535,0.07573746312684367,2667.546195652174,乌龙茶